User,Rating,Date,ISO_Date,Review,Review_Length,Response
Ayinun Aulia,5.0,seminggu lalu,2025-07-07T10:52:24Z,"tempatnya enakeun bersih, pelayan juga selalu ramah kalo mau minta tolong, paling penting mienya enak bangettt untuk anak kosan sangat recommended 🫶🏻🤗",150,
Vantae,1.0,2 bulan lalu,2025-05-09T12:48:48Z,"PELAYANAN SANGAT BURUK!!!!
padahal saya merasa dateng jauh lebih dulu dari costumer yang lain!

saya dulu yang memesan tapi yang alarm nya bunyi duluan bocah bocah yang datangnya duluan dari saya yang mana jeda waktunya sangat lama!

untung saja  teman saya yang  punya asam lambung ga kambuh aslamnya karena telat makan!",321,
Nur Anissa Rahmayani,5.0,3 bulan lalu,2025-04-01T10:57:33Z,"Makanannya enak dan murah
Pelayanannya cepat dan pada ramah
Makanan juga disajikannya masih hangat
Tempatnya enak, sejuk, ada area terbuka dan ada kipas angin",158,
Yutika Lasaopa,1.0,2 minggu lalu,2025-07-02T06:08:26Z,"Pelayanan nyaaa lamaa bgtttt, tingkat kelevellan nya masaa bisa ketuker checker  nya ga telitii mana jutek” semuaaa dipintain tolong jugaaa , padahal ga terlalu rameee",167,
Nanda Selvitasari,5.0,Diedit seminggu lalu,2025-03-24T06:10:02Z,"tempatnya luas dan bersih bgtt enak buat kumpul bareng temen, pelayanannya juga cepett, ada mushola buat sholat jugaaaaaaaa",123,
Intan Cinta,5.0,2 minggu lalu,2025-06-28T07:03:56Z,Tempatnya nyaman dan enak cocok buat nongkrong sama teman-teman,63,
Salsabila Miyazumi,5.0,seminggu lalu,2025-07-03T06:10:31Z,"Selalu pesan mie gacoan level 1. Maknan enak, hangat, bersahabat",64,
Sri Wahyuni,5.0,seminggu lalu,2025-07-03T08:33:32Z,"suasana enak ga terlalu ramai dan tidak antri, pelayanannya bagus",65,
My Bee,4.0,setahun lalu,2024-04-14T13:49:43Z,"Bismillah

Ceritanya, lagi lebaran di Daarut Tauhiid.
Trus saat menjelang siang hari, perut keroncongan. Ya udah deh, cari - cari warung yg buka tuk makan siang.
Qodarullah nya, sepanjang jalan dari mesjid DT hingga jalan Setiabudi, yg buka hanya warteg Bahari. Namun temenku tetep mau nya, makan mie Gacoan.
Ya udah deh, kita lanjut jalan sampe Mie Gacoan. Alhamdulillah, gak ngantri 😂.
Setelah order & bayar, kami pun cari tempat yg aemi outdoor, yaitu bagian samping.

🌸Review :🌸
🐝Harga 5⭐
➡️muraaaaahh bgt, tuk standar kafe dgn tempat yg bagus, porsi makanan yg bikin kenyang, rasa yg oke, pelayanan yg oke pula

🐝suasana 4.8⭐
➡️cozy bgt, cocok buat nongkrong meskipun tanpa AC karena udara Bandung masih sejuk. Truz konsepnya semi outdoor dgn interior yg estetik buat fhoto ala²

🐝Pelayanan nya 4.5⭐
➡️ cukup membantu customer

🐝Rasa 4.5⭐
➡️ Mie Gacoan rasanya manis pedes, sedikit lembek tapi tidak nyemek.
➡️Mie Hompimpa rasanya gurih pedes.
➡️Lumpia udangnya enak bgt 😍
➡️Udang keju juga enak

🐝Lokasi 5⭐
➡️ dekat bgt ma kampus Unpas, NHI Bandung, Upi & juga mesjid Daarut Tauhiid
➡️Posisi sebelah kiri dari arah kota Bandung

🐝Fasilitas 4.5⭐
➡️ parkiran luas
➡️Ada toilet, wastafel, tempat duduk yg banyak
➡️Mushola (keliatannya ada, kemaren gak liat² toiletnya)
➡️Kursi untuk anak
➡️Kebersihan juga oke

Semoga bermanfaat review dari ku",1346,
Khazanah Fadhilah N,4.0,9 bulan lalu,2024-10-11T07:12:28Z,"Perintis restoran Mie Gacoan pertama setahu saya ya yang di Setiabudi sebelah UNPAS ini. Parkir bisa untuk 100 motor lebih, entah mobil karena pasarnya anak muda. Rasa tetap sama enaknya, tapi untuk udang rambutan terlalu keras adonannya. Tersedia area lantai 2 yang lebih private dekat dengan mushala. Pesan dan bayar dahulu lalu dibeli bel pager semacamnya, setelah bunyi ambil pesanan sendiri ke meja. Ada paket hemat 50K untuk dua orang plus lemontea cukup memudahkan. Bisa bayar pakai QRIS.",495,
Ciptaning Qurrota A'yun,1.0,setahun lalu,2024-06-25T09:39:12Z,"❌NOT RECOMENDED❌
makanannya bener bener engga mienya ada cabe busuk, udang kejunya kopong dan pait, siomaynya rasa freezer, pangsitnya pahit.. uda gitu toiletnya bau pesing… Mohon ditingkatin lagi untuk makanan dan fasilitasnya🙏🙏",229,
Wisnu Herliansah,5.0,2 bulan lalu,2025-05-11T08:27:16Z,"GOOD. Suasana gacoannya enak beda dari yang lain, makanannya so far good",72,
Awad Wahdi,5.0,2 minggu lalu,2025-07-01T03:56:38Z,Mienya mantap rasa dan kualitasnya mantap tingkat kepedasannya bisa disesuaikan dan yg terpenting tempatnya nyaman cocok utk kumpul bareng keluarga&teman,153,
fadila rahma,5.0,sebulan lalu,2025-06-10T15:40:12Z,"selalu enak, pelayanannya ramah, ga pernah bosen sama gacoan apalagi 24 jam 😍😍",78,
Thya Aristha,4.0,Diedit setahun lalu,2023-09-16T12:06:11Z,"Harga sangat sangat affordable & enak-enak semua. Bisa utk semua kalangan bahkan anak pelajar. Recommended. Buat parkir mobil agak susah ya jadi harus pinter2 cari parkir sendiri. Mereka hanya menyediakan parkir motor aja.
Harga menu mulai dari 9000
Porsi banyak, level 3 nya pedes banget buat saya.
Suasana nyaman, cocok buat kumpul2",334,
fitri puspitasari,5.0,11 bulan lalu,2024-08-14T19:15:05Z,"Tempatnya nyaman . Pas dateng kesitu lagi cukup rame, tapi makanan ga terlalu lama datengnya . Oia, kalo mau gacoan lebih pilih dine in langsung daripada takeaway via online food, suka ada aja kurang atau salahnya kalo order via online disini 😅🤣",245,
Loris Suis,1.0,4 bulan lalu,2025-02-19T08:39:19Z,Mie gacoan paling kotor se indonesia. Meja tidak di bersihkan. Pelayanan tidak ramah. Pecat aja pegawainya,106,
Aryani Zul,5.0,6 hari lalu,2025-07-10T09:59:54Z,"tempatnya nyaman dan bersih, makanannya juga enak dan masih panas, gaada yg basi atau dingin. Ditambah harganya juga murah",122,
Destya Adinda,5.0,2 minggu lalu,2025-07-01T09:27:05Z,"Makanannyaa enak semuaa, pelayanann 10000000 ter thebest banget sih suasananyaa punn enakk wajib banget kalian cobaa sihh,,",123,
Daffa Putri,4.0,setahun lalu,2024-06-28T07:50:45Z,"Overall oke, udah pake alat jugaa jadi kalau pesanannua udh jadi alatnya akan bunyi, pilihan tempat duduknya banyak bangett, ada outdoor juga
Untuk makanannya paling recomended udang keju, minumannya aku pesen yg teklek rada terlalu manis yaa, untuk mie gaciannya juga level 1 tapi pedes bangett
Kalo pilih tempat duduk yg agak pojok ada stop kontak
Westafle juga bersihh
U",373,
Annisa Puzianti,3.0,setahun lalu,2024-04-23T00:23:31Z,"jujur saya jarang bnget kasi bintang kurang dari 3 kecuali udh bener2 bad experience bnget🥲

untuk mie gacoan setiabudi ini saya kasi 3 sepertinya, pengalamannya agak kurang menyenangkan dibandingkan gacoan yg dipatiukur menurut saya, kemarin saya makan disini, meja terpantau belum di clear up sehingga saya makan berdampingan dengan piring dan bekas makan yg kotor juga meja yg basah bekas minuman sampai saya selesai makan, ternyata ada bonus serangga juga di mie saya🥲

saya udh laper jadi emng gak mau dibawa ribet aja, tapi saya udh minta tolong ke beberapa crew untuk clear up table saya tersebut tapi ternyata nihil, ada karyawan yg keliling clear up tapi kenapa table saya di skip ya😣

untuk cashier, hospitality nya bisa lebih ditingkatkan lgi dengan smile voice dan tingkat kefokusannya, buat impresi yg bagus

ada half self service untuk pengambilan dimsum dan minuman yg menggunakan alarm, tetapi kasian pacar saya mau ambil tidak ada yg melayani🥲 menghindari resiko tertukarnya produk karena tidak sepenuhnya customer mie gacoan itu sendiri sudah benar2 tau produknya yg mana mana nya

untuk service time makanan cukup cepat itu plus nya☺️ semoga bisa belajar selalu yaaa
terimakasihhh",1199,
Hendry Kurnia,1.0,seminggu lalu,2025-07-08T03:42:00Z,"masa gacoan setiabudhi gada tisue,gada pengering tangan
kucing naik meja pas org lg makan,karyawan cuma pada liatin aja bagian udh teriak baru di ambil aneh banget !",165,
manajemen pemasaran,5.0,6 bulan lalu,2024-12-25T11:43:05Z,"Konsep tempatnya lebih enak dari yang cabang lain, kebersihannya juga oke, pegawainya juga kerja sesuai job masing masing, rekomended buat kumpul bareng temen / keluarga",169,
ribka sebayang,1.0,Diedit 6 bulan lalu,2024-11-06T05:32:04Z,"orderannya lama banget mau itu pesen delivery ataupun dine in nya hufttt gila karyawan aja banyak tapi ga satsett🥱

apalagi pas closingan gila sii teriak2 ga punya SOP depan driver/customer gtu ya!! TOLONG DIPERBAIKI!",217,
Yana Julyant,5.0,2 tahun lalu,2023-06-28T03:47:27Z,"Rasanya enak dan murah, kalo mau tidak terlalu ramai datangnya sebelum jam makan siang jadi tidak antri panjang. Untuk dimsum agak lama datangnya, karena harus nungguin agak lama jadi mienya dingin. Untuk minumannya kadang suka terlalu manis. Buat yang tidak bisa terlalu pedas, mending kasih note untuk cabenya dipisah.",320,
Dewi Kusrini,5.0,Diedit 2 tahun lalu,2022-11-09T05:26:32Z,"Kali pertama :
Murah, enak.
Kalaulah ada menu sup/sayurannya bisa lebih sip biar ga seret.
Tempatnya ok bgt bisa santai dan ternyata dalemnya luass muat banyak.

Kali kedua :
Coba ajak Aa Jepang:) berdua makan minum cuma 60ribuan. Cocok buat anak sekolahan or kuliahan yg sekali-kali pengen nongkrong:)
Si Aa Jepang bilang sih enak semua, dia pesen mie angel, thai tea, dimsum ayam ma apa ya yg ada keju-kejunya.
Untuk level pedes, yg ga kuat pilih maksimal di level 2 aja ya, level 3 kepedasan:)",496,
Obos Marvel,5.0,setahun lalu,2024-03-29T03:23:06Z,"Udah lama gak ke bandung ternyata buka mie gacoan di setiabudi, lokasi tentu sangat luas harga makanan dan minum cukup murah dengan suasana yang diberikan. Dateng kesini jam 10 malam masih cukup ramai namun gak crowded suasana nya masih nyaman untuk makan, menu juga masih lengkap semua betah berlama disini.",308,
Debi Zahirah,5.0,3 tahun lalu,2022-04-09T10:04:57Z,"Tempat sangat luas dan nyaman, pelayanan juga sepertinya cepat. Tapi karena saya datang untuk berbuka saya minta untuk dihidangkan saat mendekati buka, dan tepat waktu tibanya.

Untuk dimsumnya semua cukup enak, minuman juga, mie angelnya cukup hanya kurang asin saja.. harga sangat terjangkau👌 rekomendasi untuk yang ingin makan bareng temen dengan makanan ringan",364,
Regina Nur Azizah,5.0,3 minggu lalu,2025-06-23T08:33:21Z,Makanannya enak masih panas  jugaa🥰,35,
Afriana Ajeng Nur Latifah,4.0,3 tahun lalu,2022-03-31T04:43:10Z,"Secara tempat bersih, ada parkir yang cukup luas tapi juga ramai pengunjung. Ada tempat duduk tapi sangat terbatas. Jika mau makan, mending gofood atau grabfoodd daripada menghabiskan waktu menunggu. Kemarin weekday pergi kesana, dateng langsung disaranin take away aja, lalu dikasih nomor antrian. Sembari menunggu nomor antrian dipanggil ada tempat duduk. 30 menitan kemudian nomor antrian dipanggil. Kami harus berbaris untuk memilih menu dan langsung bayar. Setelah itu menunggu lagi hampir satu jam untuk makanan. Capek nunggu, mending gofood. Kalau rasa tergantung selera.",578,
ujang junaedi,5.0,3 minggu lalu,2025-06-25T11:20:37Z,"Suasana dalam hal ini musik, musik yang perlu disesuaikan dengan vibe di setiabudi atau market dominan (misal; market dominan mahasiswa/i maka perlu disesuaikan, vibe setiabudi di siang, sore, malam tentu tidak sama, ini juga perlu disesuaikan) demi kenyamanan pelanggan saat beraktivitas di gacoan setiabudi",308,
james malau,2.0,4 tahun lalu,2021-05-09T13:01:05Z,"Parkir motor lumayan luas, tapi gada parkiran mobil, jadi harus parkir di pinggir jalan. Tempatnya keren, bagus buat sekedar nongkrong sama temen2. Ngantri pesen makanannya lama banget sampe 30 menit berdiri ngantri, udah gitu nunggu pesenan datang nyampe 45 menit lamanya.. tampilan makanan sama minumannya bagus, tapi pas dimakan rasa mi nya ga terlalu enak, teksturnya lengket2 di gigi, kaya mi setengah matang , mi nya ga rekomended, tpi minumannya enak. Siomainya lumayan rasanya. Harganya terjangkau.",506,
fadia nabila,5.0,sebulan lalu,2025-05-28T07:20:12Z,"deket banget dari kampus dan selalu enak, tempatnya juga enak buat ngumpul sama temen temen. dan udang keju nya paling rekomen, makasih juga buat ka naila best🫰🏻",161,
Wawah Sri,5.0,2 tahun lalu,2023-05-29T05:05:36Z,"Dateng pesen mie hompimpa, udang keju, siomay, es teklek, sama es teh. Semuanya enak, kondisi hangat, fresh. Pelayanannya cepat, staffnya ramah, tempatnya juga bersih, nyaman dan luas. Toilet bersih. Posisi gerai juga strategis dekat kampus UPI dan UNPAS. Buat yang mau bawa pulang juga pelayanannya cepat. Untuk yang mau menunggu juga disediakan space buat duduk. Parkir kurang luas, mobil parkir pinggir jalan. Untuk motor tarif parkir 2k. Overall mantapp deh pelayanannya, bakal langganan kalau lagi main di UPI.",515,
Anisa Apriyani,5.0,3 tahun lalu,2022-06-01T13:03:58Z,"Tempatnya enak buat makan bareng temen-temen dan keluarga . Untuk mie nya enak dan buat yang gak pedes juga ada menu mie nya yg gak pedesnya . Selain itu ada menu lainnya seperti pangsit , dimsum. Untuk harganya terjangkau , mie di kisaran 15k , minum dan menu yg lainnya di kisaran 10k . Untuk tempat parkirnya luas , hanya musholanya kecil dan kurang nyaman . Terus waktu itu masih ada buka tutup untuk yg dine in , jadi antri banget dan harus ekstra sabar . Tapi so far worth to buy , gak kapok buat balik lagi kesana 👍🏻",523,
FITRI INDRIYANTI,5.0,setahun lalu,2023-11-05T10:27:08Z,"Rekomendasi untuk kalian yang lagi main² di daerah jl.Setiabudi buat mampir cobain Mie Gacoan ini.
Selain harganya sangat ramah dikantong, rasanya juga enak, apalagi dengan harga 10k itu udh dapat pangsit 2 isi ayam cincang. Untuk tempat juga nyaman.

But dari segi penyajiannya aja sih cukup lama, padahal datang kesana pas awal banget buka & yang pesan baru beberapa.  Jadi kalau posisinya lapar banget, usahakan buat bawa camilan pengganjal perut wkwk.",455,
Surya Azhari,5.0,2 tahun lalu,2022-10-19T16:55:56Z,"Datang di hari Rabu jam 10 pagi.

parkirannya masih oke untuk motor gatau dah kalo mobil 😅 tempatnya masih agak sepi untuk tempat yang luas banget dan banyak meja kursi. mushola dan toilet oke. bisa smoking juga soalnya tempatnya semi outdoor. pelayanannya juga cepat dan tanggap. kebiasaan overload consumen jadi gercep 😅

rasa makanannya sama kaya di cabang lain. mungkin sudah SOPnya.

harganya udah pada tau lah ya 😇",420,
kimi kimi,1.0,3 bulan lalu,2025-04-05T19:31:52Z,"tolong dong ajarin crewnya buat sabar ngadepin customer, tgl 5 jam 2 beli buat dine in, ngeliat cowo aku abis ambil makanan dan emg posisi aku lagi buru', (cewe yg nge pick up makanan) ngeliatin ke cowo aku smbil ngomong pake muka judes smbil pindah tempat. (sebelumnya alat yg bunyi  itu disimpen dinampan yg mau cowo aku bawa ke meja sambil dia ninggalin, smpe hrs dipindahin dlu, hrsnyakan sm mereka dibawa). ga nyaman, sampe makan bt aja ga abiss bgtt!! tolong buat crew yg tdi klo mau ngomel jgn depan custnya.",515,
Upar Suparta,4.0,setahun lalu,2023-09-14T05:27:44Z,"Makanannya cukup enak dan terbilang murah. Sekadar untuk makan ringan dan santai sangat cocok, apalagi penyuka mie pedas kayanya bakal cocok. Walaupun jangan berekspektasi banyak. Karena tiap orang beda tipe makanan.

Yang suka udang-udangan recomend untuk nyobain.",265,
X Ranz,4.0,sebulan lalu,2025-06-03T14:52:01Z,"gacoan taste it's good, and I think all franchise at bandung it's really fine with the taste.. and I really appreciate that.
n for the atriannya sih gile bgt wkwk, rispek buat mas n mbanya yg bisa sabar ngadepin banyaknya pelanggang itu..",238,
Dea Amelya Putri,5.0,3 bulan lalu,2025-03-31T12:10:02Z,"tempatnya nyaman, pelayanan bagus, dan suka bangett sama lumpia udangnya",72,
Febby Wanda Alrianty,5.0,3 tahun lalu,2022-03-20T15:24:46Z,"Good food, good price, good service, tapi antrinya gila banget sih.. Sudah dari cabang Dipati Ukur dan Pasir Kaliki ditolak untuk dine-in, cabang Setiabudhi sekitar 3 jam sampai bisa menikmati hidangan. Sering kemari dari awal ada gacoan problem masih sama, yaitu kasir yang hanya satu untuk pengunjung yang dine-in, take away dan ojol. Biasanya take away atau jastip tapi tapi pertama kali makan di tempat dan effort banget berdiri lama di cuaca panas. Beruntung ada staff yang mau bantu kasih info jadi ga pulang dengan tangan hampa. Saya pesan mie angel, mie iblis level 1 yang mana cukup pedas untuk saya yang bukan penggila cabai, vanilla latte cukup oke seperti kopi susu sachet (saya suka juga sih), es tuyulnya segar, udang kejunya lumer, udang rambutan serta lumpia udangnya sangat juicy dan jauh lebih enak karena fresh from the kitchen jadi masih panas. Saya bungkus lagi beberapa menu. Untuk harga yang sangat affordable, the food is worth to try tapi jika malas antri lebih baik via ojol/titip teman atau buat sendiri di rumah contek resep dari YouTube.",1066,
setiadi salimpus,1.0,sebulan lalu,2025-06-10T11:01:49Z,saya udah jauh jauh makan dine in disini lama menunggu orderan malah orderan yang baru dateng yang di duluin buat mas yang tadi ngecek orderan nya lain kali lebih teliti lagi ngecek nomor orderan nya jadi orderan saya lama dan yang dateng mie dan dimsum nya udah dingin dan minuman pun es nya sudah mencair sangat kecewa,320,
Saffana Fadila,5.0,4 tahun lalu,2021-04-09T06:13:06Z,"Makanan di gacoan bandung semua enak, dan harganya juga pas untuk mahasiswi seperti saya, favorit saya mie iblis udang keju dan es tuyul, pelayanannya juga cepat dan crew""nya ramah ramah, semoga semakin sukses untuk gacoan 👍",224,
Adinda Nur Inayah,5.0,3 bulan lalu,2025-04-14T09:17:47Z,"Biasanya order online, sesekali pengen dine in, tapi ternyata penuh sangaat karna masih dalam rentang waktu buka puasa (datang setelah isya), akhirnya take away aja.

Semurah itu dengan rasa yg enak. Cuma kadang bingung sama lv pedesnya, pesen mie gacoan lv 1 sama lv 2 berasa sama pedesnya. Anak-anak suka mie suit, pangsit goreng, dan udang rambutannya.

Mungkin lain waktu pengen bener2 coba dine in.",403,
Khansa Asbinsa Tarunaningtyas,5.0,2 tahun lalu,2022-11-26T02:36:40Z,"Omg its so yummy!! honestly dari dulu belum cobain mie gacoan samsek, dan lagi niat cobain di bandung eh lah kok enak hihi dan kagetnya lagi mie iblis (10k) sama udang kejunya(9k) harganya murah meriah bgt tapi kok bisa enak gitu ya :)) btw buat suasanya asri banget rapi terus bersih aku sih suka yg outdoornya.. pelayanannya juga ramah kok kakaknya langsung bersihin meja yg mau kita pake terus anehnya kalo disini makanannya dulu yang dateng baru minumnya wkwk unik 🙃 overall okay aku recommended.",500,
Raisa Gorbachev,3.0,Diedit 4 tahun lalu,2021-03-21T11:30:33Z,"Antri lama dan nunggu makanan juga masih lama, tdk ada protokol kesehatan. Waktu pertama beli di grabfood tgl 15 maret porsinya banyak dan level 6 cabenya pedes bangeeet, waktu dateng ke tempat kok porsi sedikit dan gak pedes sm sekali. Yang bikin antri lama itu kasirnya cuman ada satu dan disatuin take away sm dine in. kalo tempat cukup luas dan makanan dimsumnya enak.",372,
Nazwa Aulia,1.0,sebulan lalu,2025-05-28T16:35:14Z,"BARU DUDUK udh di tegur klo gabisa lama lama soalnya area belakang bakal ditutup. Puncaknya adalah ketika ada KECOAK naik naik meja, kita minta tolong buat diusirin jawabannya ""udh gaada kok teh, udah pergi"" maksudnya????? apa ya kak?????? minimal dicari biar kecoaknya ga naik meja lagi. huft.",294,
Yanti Mega Nurzihan,5.0,sebulan lalu,2025-06-13T13:00:35Z,selalu enakk apalagi udang kejunyaa🤩🤩,37,
diah armiyani,5.0,2 tahun lalu,2022-11-18T10:11:10Z,"Kurangnya cuma petugas pembersih fasilitas umum seperti toilet dan tempat sholat yg terasa kurang nyaman krn digunakan banyak orang kan, kalo ga disediakan petugas khusus pembersihan akan membuat kotor dan krg nyaman bagi pengunjung. Selebihnya semua oke, saya suka dengan menu dan suasananya. Dan harganya wow ,tidak mengurangi rasa sedikitpun.",345,
Reza Fachriza,5.0,4 tahun lalu,2021-04-06T05:55:19Z,"Heran harga murah tapi kualitasnya bisa mantep gini wkwk enakk mie nya dengan harga segini. Sebagai orang Bandung Asli saya heran dan takjub dengan harga sama kualitasnya yang mantap

Ohiya kalau bisa datengnya jgn pas jam makan siang atau bubaran karena PENUH BANGETT butuh kesabaran ngantrinya. Dateng pas baru buka aja biar msh sepi hehe

Saran aja ya ga penting2 amat sih, Sumpit untuk mienya kalo bisa dari bahan yang bisa dicuci aja daripada kayu, sama halnya juga untuk tempat saos kecil yg dri plastik.",510,
Dinda Nuradriani,4.0,3 tahun lalu,2021-11-06T10:42:31Z,"Sebenernya pengen ngasih bintang 5 tapi menurutku ini ""pantes hype"" karena dia memang murah aja, rasa enak (untuk harganya) dan mereka punya tempat makan yang memang nyaman. Dimana coba makan dengan menu2 yang ngga lebih dari 10rb tapi dikasih tempat senyaman ini? :)
Tapi kalo mau dikasih nilai secara objektif sih buat rasa menurutku sama aja kaya mi yamin pada umumnya, entah kebetulan ato memang biasa kaya pesenanku hari ini, tekstur mi menurutku blm mateng bener (masih kurang kenyal, kaya kalo kita masak mi instan itu 1/2 mateng) sayang bgt sih, krn kebetulan aku dateng itu masih pagi bgt dan sepi tapi masakan udh di serve dg tingkat kematangan yg kesannya ky dimasak terburu2. Es Genduruwo yang katanya andalan mereka pun aku rasa biasa aja, cendrung terlalu dominan airnya utk minuman yang sebenernya mirip sop buah, (masih ada yg lbh enak dg harga yang sama murahnya).
Ga bisa nuntut macem2 sih sebenernya, lagi2 karena dg harga segitu dan tempat yang cukup nyaman, emang Mie Gacoan terbaik di kelasnya :)
Tips nih buat yg baru mau coba, jgn terprovokasi sm review2 d google org blg enak bgt mie iblis level di atas 5. Krn aku pesen level 3 pun udh pedes bgt haha. Jd buat yang doyan pedes tp kadar normal mending pesen level 1 ato 2 aja biar tetep nikmat makannya :)",1280,
Rafika Kenko,5.0,seminggu lalu,2025-07-04T08:44:47Z,"Tempatnya luas dan nyaman
Makanannya lumayan banyak dan enak
Pelayanan nya ramah dan cepat:)",92,
ᮏᮤᮠᮃᮔ᮪,5.0,2 tahun lalu,2022-09-25T14:31:39Z,"Tempatnya luas ada 2 lantai outdoor & semi outdoor, jujur mienya bagi aku standar aja, tp udang keju & siomaynya enak bgtttttt 9.5/10😍🤤 sayang pelayanan dine in itu lama tp gapapaa👍🏻
Ada tempat sholat meski tempat wudhunya agak jauh lewat org² yg makan mungkin bisa d perbaharui👍🏻",280,
Landung Jahfal,1.0,2 bulan lalu,2025-05-10T15:09:29Z,"Yth. Pimpinan/Manajemen Mie Gacoan Setiabudhi, Bandung.

Dengan hormat,
Saya ucapkan terima kasih atas ketersediaannya dalam menghadirkan Mie Gacoan di Setiabudhi. Namun, tolong diperhatikan kembali mengenai PELAYANAN  PARKIR, urusan kendaraan JIKA DILUAR AREA PARKIR YANG SEHARUSNYA itu tidak dikenakan parkir dan sudah menjadi tanggung jawab pribadi jika terjadi hal yang tidak diinginkan (di Mie Gacoan manapun yang saya temukan, tidak dikenakan parkir jika masih di area luar) serta pada akhirnya penjaga parkir menghampiri kendaraan saya yang DILUAR AREA PARKIRAN MIE GACOAN yang kesannya maksa. Apakah pimpinan/manajemen Mie Gacoan Setiabudhi tidak dapat menindak tegas atas kasus kejadian seperti ini? Sudah lama jika dilihat dari ulasan.

Jika diperkenankan memberikan saran, contohlah Mie Gacoan Jatinangor yang menggunakan sistem parkir menggunakan tiket otomatis. Lebih berkenan jika seperti itu dikelolanya. Ditunggu tindakan tegas lebih lanjut.

Atas perhatiannya, saya ucapkan terima kasih.",1004,
Fadhlur Rohman,3.0,4 tahun lalu,2021-03-29T15:20:09Z,"Sejujurnya saya memiliki chemistry yang tidak begitu baik dengan cabang Bandung dari restoran ini. Saat kunjungan pertama, saya datang sekitar pukul 7 malam dan kondisi restorannya dalam kondisi mati lampu total, tapi stafnya mengatakan kalau dine-in tetap bisa, we agreed. Namun moment later mereka menyatakan kalau pesanan kita harus di-take away dan pesanannya baru ready satu jam kemudian—sama sekali tidak impressive, namun termaafkan karena mereka benar-benar menghidangkan good food in good price, bahkan saya masih mengkonsider untuk datang lagi. Kunjungan kedua tidak kalah mengecewakan, saya bahkan diusir di pakiran karena mereka tidak menerima pengunjung baru untuk beberapa jam. Wait for that long? Definitely No! Di aplikasi pesan antar pun mereka tidak buka-buka, until one day mereka magically buka.

Cabang pertama Mie Gacoan di Bandung ini berada di dekat Kampus UNPAS Setiabudhi. Tempatnya sepertinya menempati eks-restoran Korea. Tempatnya terhitung sangat luas, cukup tematik, dan lumayan nyaman. Sayangnya mereka seperti belum siap untuk menghadapi permintaan yang tinggi. Service-nya benar-benar chaotic dan tidak ada protokol kesehatan. Jika saya boleh sedikit menganalisa penyebab utama kekeosan pelayanannya adalah dapurnya yang kecil serta kasirnya yang hanya satu kurang memadai untuk restoran yang sebesar ini apalagi dengan demand yang sangat tinggi.

Food and Beverage:
Menu makanan dan minuman tidak banyak namun semuanya dibanderol dengan harga yang sangat murah, paling mahal bahkan hanya 10.5K. Kali ini saya nyobain Mie Setan dan Mie Iblis masing masing dengan level paling tinggi yaitu level 8. Bagi yang toleransi pedasnya rendah sebaiknya memesan level yang lebih rendah. Kedua menu basically hampir sama, berupa mie dengan tekstur yang mirip yamin yang disajikan bersama sambal, ayam cincang, dan tiga buah pangsit isi ayam. Perbedaannya terletak pada mie iblis menggunakan kecap sehingga citarasanya pedas-manis-gurih sedangkan mie setan hanya pedas-gurih saja. Saya pribadi jauh lebih suka Mie Iblis. Selain itu saya mencoba dimsum udang rambutan (8.6K) yang berupa semacam pangsit goreng dengan isian pasta udang dan di bagian luarnya diselimuti dengan mie goreng sehingga bentukannya seperti rambutan. Sejujurnya menu ini citarasanya sangat biasa. Untuk minumannya saya memesan Es Pocong (8.6K) dengan citarasa yang menyegarkan.",2372,
Anjar Dwi Kurniawan,4.0,4 tahun lalu,2021-03-14T03:43:15Z,"Rasa makanannya enak, sangat cocok dicoba untuk pecinta pedas karena menu-menunya dapat dipesan hingga level kepedasan 8. Harganya sangat murah, menu dengan harga paling mahal yaitu itu Rp10.500. Tempatnya luas tersedia dua lantai dan juga ada ada mushola serta Toilet yang bersih. Tersedia juga tempat parkir yang luas. Pelayanan perlu ditingkatkan terutama dalam kecepatan menyajikan hidangan hidangan bagi para tamu sehingga kamu tidak perlu menunggu lama untuk mendapatkan makanan yang dipesannya",500,
Aditia Solehudin,5.0,4 tahun lalu,2021-03-14T16:25:13Z,"Setelah Cirebon, akhirnya Gacoan buka cabang kedua di Jawa Barat. Yess Bandung! Tempatnya luas, parkirannya luas, rasa mienya tetap enak dan pas juga harganya tetap murah! Kekurangannya hampir sama di semua cabang gacoan yakni meja kasir hanya 1 orang. Meskipun ada antrian khusus ojol, tetapi tetap yang melayani kasirnya sama dengan yang mau dine in atau take away. Mohon untuk dipertimbangkan kembali.",404,
Hazela,5.0,3 tahun lalu,2022-06-24T01:55:31Z,"Gak salah sih kalau selalu rame, makannya enak dan juga murah.
Kalau aku lebih suka udang rambutan dan udang kejunya. Kalau mienya gak terlalu suka sih.
Pesan enam menu hanya 60rb saja.",185,
Agung Rusmana,5.0,3 tahun lalu,2022-05-24T12:03:31Z,"Worth it sih ngantri berjam-jam, bukan karena rasanya, tapi harganya yang murah. In my opinion, mienya yang jadi menu utama malah biasa aja hmmm yauda gitu aja nothing special, yang enak justru side dishnya (dimsum), dan yang bikin seneng adalah minumannya seger banget dan terlalu murah buat harga segitu hihihi. Overall, buat harga 10rebuan bener-bener ga mengecewakan dan boleh masuk list jajanan kalo lagi di Bandung .",422,
Fira Pangestu,5.0,4 tahun lalu,2021-04-05T23:10:16Z,"So far tempatnya nyaman, dan pas saya kunjungan kesini rame banget ya, mungkin karena harga yg affordable dan tempat yg lumayan nyaman.
Sayangnya saat ini hanya bisa dine in sampai jam 6 sore dan sisanya take away sampai jam 9 malam. Untuk dine in satu meja hanya bole untuk 2 org.",281,
Moch Fauzi,5.0,setahun lalu,2023-08-05T23:44:38Z,"Tempatnya luas banget cuman ya sepertinya sudah tau sendiri kalau antri/nunggu makanan disajikan disini harus sabar, bagi saya ya hanya makan mie aja ya dengan level tertentu, ada mushola tapi kecil, kalau toilet cukup bagus.",225,
Aprillia Salsabila putri,5.0,2 minggu lalu,2025-07-01T09:32:54Z,"Suasana nyaman, makanannya juga enak, harga juga kehitung murah. Rekomendasi banget sih",87,
Lucas Burhan,5.0,setahun lalu,2023-12-18T14:00:01Z,"Mie Gacoan selalu bershabat di kantong serta di lidah karena dengan harga yg murah sudah berasa menang banyak. Selain mienya juga banyak, bumbunya juga berasa, pedasnya bisa pilih, dapat pangsit goreng isi daging tebal pula. Tempat selalu besar dan nyaman, minuman juga beragam dan murah, sampai terheran-heran sebenernya untung berapa ya hehe. Namun, itulah alasan mengapa Mie Gacoan selalu rame.",397,
noviana kusumawati,4.0,Diedit 4 tahun lalu,2021-03-24T05:48:17Z,"Buat saya , tempat nya sangat bagus, luas dan bersih krn masih baru pkknya nyaman bgt tempat nya mengikuti protokol kesehatan covid jaga jarak sy kasih bintang 5 dgn nilai sempurna 10.

Dapurnya terlihat dgn jelas proses pembuatan dimsum menggoreng nya dll jd kebersihannya bisa di lihat dapur juga cukup luas jd karyawan g berdempetan sy ksh bintang 5 juga dgn nilai sempurna 10

Untuk kasir krn hanya 1 kasir kebayangkan 1 kasir dgn tempat seluas ini bisa nampung pembeli banyak belum yg online juga sy g ksh bintang Krn g worthy bgt masa sih kasir cuma satu .... Terus lama lg prosesnya....harus ditambah menjadi minimal jadi 3 kasir masa sih kalah sama resto cepat saji lainnya

Pelayanan sy ksh bintang 2 karena saos beli 3 dimsum dikasih 1 saos kl g minta  lg ya g di ksh kyknya hrsnya lbh teliti di tiap meja blm ada tisue jd hrs minta lg. Ini hrs ditingkatkan. Dan waiters nya kalau di tanya maaf sy g tahu msh baru training. Berharap mah sdh dibekali dgn informasi produk atau promo gitu jd pas giliran di tanya tahu semua bukan hanya kasir aja yg tahu menu dgn promo.

Berhubung dadakan pembuatan nya jd lama dan itu wajar meski g wajar kl yg sdh lapar.
Jgn dtg jam mkn siang ya bakalan g makan antrian panjang terus 1 jam berlalu begitu saja

Terakhir makanannya.

Saya beli mie iblis level 3 kurang pedas jd yg suka pedas level tinggi sekalian. Mie nya sendiri enak. Di taburi taburan ayam mirip hujan salju. Cantik terlihat dgn pangsit ayam.
Untuk rasa yg gurih pedas. Tepatnya asin. Krn sy g tll suka asin jd berasa keasinan aja bukan gurih.

Untuk pangsit ayam entah lidah sy g normal adonanannya agak asam sedikit dan belum matang dlmnya tp keras di luar. Jadi sy tidak menikmatinya. Ayam terasa tp asam dan tdk matang juga keras.  Pangsit nya sendiri renyah.
Sy hanya bisa ksh bintang 2

Siomay ayam. Ayamnya terasa tp entah kenapa adonannya pahit. Ukurannya cukup pas dan mengenyangkan. bentuknya cantik. Dgn saos ala cakue. Sambal ala Bangkok. Bukan sambal kering ala dimsum ala Shenzhen China berhubung negara itu yg baru sy kunjungi sambalnya sama persis kering ala dimsum di Indonesia sekarang. Tanpa mayoinase. Jadi sy juga hanya bisa kasih bintang 2

Udang rambutan. Bentuknya cantik ukurannya besar dan mengenyangkan terus rasanya pas. Meski adonannya sama persis spt pangsit tetapi  tdk asam dan pahit. Sy ksh bintang 4

Teh tariknya sama persis spt teh tarik pada umumnya jd pas. Bintang 4.

Udang keju nya sangat enak bintang 4

Mie setan juga enak level 4 pas pedesnya meski g pedes bintang 4

Lumpia udang nya enak bgt bintang 4

Saran sy kl take away pangsit dipisahkan biar ttp crunchy g melempem kena panas mie atau udara. Pakai plastik tambahan di pisah. Kasihan beli online pas mau makan taburan pangsit kecil dan pangsit nya sdh g crunchy lg.

Sudah kebayang kl balik lg apa yg di beli mie setan level 4, dan semua dimsum terbuat dari udang krn rasanya enak...

Harganya murah meski dgn pajak masih harga normal g mahal dibandingkan tempat sejenis lainnya terutama di minuman. Kalau tempat lain kadang harga minuman g normal mahal. Jadi wajar antri harga murah bgt

Over all untuk keseluruhan sementara bintang 4 dulu. Karena harus ada perbaikan terutama di rasa masakan meski g semuanya karena dimsum udang enak bgt juga mie iblis dan kasir harus di tambah minimal 3 kasir. Restoran sdh menerapkan protokol kesehatan sayang krn 1 kasir gugur sudah protokol kesehatan nya sebab antrian mengular....",3434,
khaerunnisa ayunin,5.0,setahun lalu,2023-08-21T04:45:27Z,"Makan mie pedas yang viral di bandung, dekat dengan berbagai kampus yang nyaman untuk nongkrong, buka sampai jam 11. Malam jg pilihan makanannya beragam dengan pedas ber level. Minuman juga banyak yg seger2",206,
Iva Rachmawati,5.0,4 tahun lalu,2021-04-14T13:26:39Z,"Makanan udah pasti rekomended banget. Soalnya harganya murah, porsi aman, enak pula. Tempatnya enakeun banget, luas ke dalem, semi outdoor mungkin ya, tapi rapi, cakep, dan tertata banget pokoknya. Kita bisa milih mau duduk dimana.

Lokasi strategis karena ada di pinggir jalan Setiabudhi (sehabis UNPAS), tapi untuk parkir memang kurang (terutama kendaraan roda 4), karena Mie Gacoan ini selalu padat pembeli banget. Kalau ga mau antri lama, datang sebelum jam 12 (sekitar jam 10-11).

Cara pesennya, datang, cek suhu dan pake hand sanitizer, antri di kasir, sebutin mau beli apa (rekomendasi: mie iblis kalau suka pedes, dimsum yang rambutan atau pangsit goreng gitu, minumnya es genderuwo kalau suka yang manis/es pocong kalau mau yang asem manis seger), terus nanti menunya di repeat sama kasir, hati-hati salah nyebutin level pedesnya ya. Lalu bayar, ambil nomor buat di meja gitu, cari tempat duduk, tada, tinggal tunggu deh. Kalau datangnya pas jam 11san, nunggunya cuma bentar langsung dateng makanannya.

Cus segera. Tapi jangan lupa terapkan protokol kesehatan ya.",1074,
Siwi Prakasita Rukmi,4.0,setahun lalu,2023-09-10T15:46:28Z,"Ternyata tempatnya luas bgt, di tengah ada Taman kecil nya
Ada outdoor ada lt 2 juga asik bgt tempatnya
Yaaaa kalo tentang rasa u know sendiri ya gacoan gmn xixixix
Kalo makan ditempat ambil sendiri yaaa
Parkirnya juga luas kak",227,
Ahmed Suhe,4.0,Diedit 3 tahun lalu,2021-08-29T13:40:00Z,"Mie kekinian yg lagi terkenal banget, rame terus pembelinya, mau yg makan di tempat, dibawa pulang atau yg pesen lewat online. Karena harganya yang murah sama rasanya yg enak belum ada lawan di kelasnya, makan buat berdua udah 2 porsi mie, macam2 dimsum, & 3 minuman cuma di bawah 100rb. Worth it walau ngantri lama, *makan di tempat kadang ga bisa liat situasi rame atau enggaknya.",382,
Sella Marselawati,3.0,3 bulan lalu,2025-03-17T11:14:32Z,Aneh anjir masa karna pesen 19 porsi di kasihnya pake kardus buat take away sama cup plastik padahal udah jelas makan di tempat. Apa mas dan mba gacoannya males nyuci piring. Padahal mah di samping kita juga ada yg pesen banyak,227,
Ananda DiCa,4.0,3 tahun lalu,2022-05-23T08:52:49Z,"Beberapa kali kesini karna deket kantor, ruameee pisan. Sampe hilang selera ngeliat antrian nya..hahaha. Sering order makanan buat kegiatan kantor juga. Untuk menu seh sebenarnya isinya cuma mie2an ya, ditambah camilan dan dinsum, trs minuman juga ada, hanya saja namanya aneh2 dan harga murah meriah, makanya jadi menarik pengunjung untuk dateng. Dapur model open kitchen ya, trs kita nunggu dengan antrian. Kebetulan karna selalu penuh, mana masih pandemi gini, jd selalu aja endingnya milih take away. Tapi walaupun take away, tetap aja harus nunggu antrian dipanggil. Untunglah ruang tunggunya nyaman. Jadi SOP nya tuh dateng, diarahkan ke tempar order, order, bayar, dikasih antrian, nunggu, dipanggil, ambil pesenan, otw parkiran..heheheh
Untuk rasa jujur sih B aja, malah cendrung pedes, harga sama makanan worth it lah, biasanya mie dilengkapi sama pangsit goreng, keju, atau taburan crispy gt. Yang Udang rambutan nya enak, cuma rasa manisnya itu kayak ganggu, endingnya agak pahit kayak sarimanis, tapi y balik ke selera seh. Yang pasti tempatnya lumayan luas, banyak spot selfie, parkiran luas (buat motor tapi yah) sama petugasnya cekatan. Trs ada toilet dan ada tempat duduk di taman juga. Yang kurang cuma kasir seh, masa sebanyak itu costumer, kasir cuma 1 apa 2 yah, jelas antrian mengular beud,sebaiknya itu jadi perhatian manajemen deh.
Regard
with love
Happy icip2 yah...",1390,
Eris Mila,5.0,11 bulan lalu,2024-08-14T20:15:04Z,"Pesan via online, nunggu sekitar 15 menitan mungkin. Kebetulan kami sedang menginap di Daarul Jannah Cottage nya Aa Gym, jd pilih pesan online aja. Krn mager ke sana, kebayang penuhnya 🤣

So far so good, ga ada komplain apa pun 🙏🏻",230,
retnavia putri,5.0,3 tahun lalu,2021-10-20T17:13:01Z,"antri banget wee harus sabar nunggu klo dine in. Better take away sih. Poin plus mi gacoan adalah harga yang super murah & enak. 5 mie dgn porsi yang pas + 4 porsi varian dimsum (kurang lebih 13 varian dimsum) cmn +/- 90k dan itu kenyang pooolll! Staff nya banyak + gercep sat set sat set, ramah juga. Overall aku puas sihhh tp aku saranin buka cabang ajaa biar bener2 ga serame itu HUAA 🙏  Buka di bekasi juga dong kak!!!",422,
Idhar Shidiq,4.0,3 tahun lalu,2022-05-14T07:50:35Z,"Tempat makan yang selau antre dimana-mana. Datang ke Mie Gacoan memang harus sabar ya Guys, karena antreannya selalu mengular ke luar-luar. Untuk service terhitung cepat, apalagi kita tadi antre di antran cashless. Harga seporsi Mie+2 pangsit hanya 11.000an, bisa bebas pilih mau asin, manis pedas, asin pedas. Masalah rasa so-so lah 7.5/10 (in my humble opinion ya ✌🏼)
Tempat makan lumayan luas dan nyaman.",407,
Aisyah Qonita,5.0,11 bulan lalu,2024-07-20T09:34:19Z,"tempatnya nyamann, bersih, pelayanannya jugaa okee dan cepet juga makanannya jadi. mienya juga enak rasanyaa karena kadang beda outlet beda rasa🙏",145,
Nur Asyiah,5.0,4 tahun lalu,2021-04-18T04:36:38Z,"Kemarin malam minggu kesini brg temen-temenkuuuu. Makanannya enakkkk, murah, worth it bgt. Tempatnya luas. Dan antre. Yang mau reservasi buat buka puasa untuk weekend ga bisaa ya gengs. Bisanya pas weekday ajaaaaa. Overall, recomended bgt",238,
Kamilla Mumtaz,5.0,Diedit 3 tahun lalu,2021-06-17T04:16:18Z,"Dateng kesini hari Selasa, 8 Juni 2021 jam 2 siang. Walaupun bukan weekend dan sudah lewat jam makan siang, tempatnya ramai oleh yang makan di tempat ataupun lewat gofood/grabfood/shopeefood. Pas masuk dikasih nomor antrian giliran untuk memesan, trus kita bisa langsung cari duduk sambil nunggu nomornya dipanggil.
Saya pesan mie setan level 4, mie iblis level 1, udang rambutan, es pocong, dan es genderuwo. Semuanya enaak dan harganya murah murah banget. Nunggu makanannya dateng mungkin sekitar setengah jam, iya lumayan lama banget. Tapi worth it melihat keramaian tempat dan harganya yg murah. Level 1-2 pun sudah cukup pedas, level di atas-atasnya dikasih cabai yang lebih banyak aja.
Udang rambutan dan saosnya juga enak bangett, jarang-jarang saya suka gorengan tipe ini, tapi yang ini recommended.
Saya sendiri paling suka sama pangsit yang udah ada sepaket dengan mienya. Isian ayam cincangnya banyak dan enak!! Dan es pocongnya seger lemon tapi ga begitu asem. Pokoknya enak. Ga nyangka rasanya bener-bener memuaskan untuk harga yang murah.",1052,
Ahmad Dai,5.0,4 tahun lalu,2021-05-04T13:58:50Z,"Ini sih enak semua makanan sama minuman nyaaa harga murahhh mantaff tempat nyaman
Asal sabar sabarin aja ngantri pesennya bujug panjang benerrrrr",145,
SITI MUKTIANI RAMADHANI,5.0,setahun lalu,2023-09-02T15:40:46Z,"ramai...
bersih..
enk..
ga ngantri.
selama di pekanbaru mkn mie gacoan sekali karna antri 1 jam.
alhamdulillah smpe di bandung.
ga ngantri..
mknnya juga enk",156,
Adit Pena,5.0,setahun lalu,2023-12-20T14:53:54Z,"Lokasi nya cukup strategis, dan area parkir yang disediakan hanya parkiran motor. Jadi agak minim dan mobil usaha untuk mencari tempat parkir.

Tempatnya cocok untuk nongkrong atau kumpul bareng keluarga. Tempatnya nyaman dan produk yang dijual juga cukup murah. Hanya saja pelayanan disini kurang cepat, sehingga terkadang pelanggan bisa kelamaan nunggunya.",358,
Adella Diva,4.0,3 tahun lalu,2021-10-09T16:53:09Z,"Outlet pertama di Bandung, harganya terjangkau banget untuk ukuran resto di Bandung. Pesan 4 menu cuman habis 37k-an menunya mie setan, mie iblis, siomay dimsum sama es tuyul. Rasanya lumayan enak buat harga yang semurah itu, menu favorit mie setan. Tipikal mie-nya kek mie yamin asin gitu tapi tekstur mienya lebih tebel. Kalo mie iblis lebih ke mie yang manis karena banyak kecapnya dan semua menu mie nya dapet 2 pieces pangsit goreng isi ayam. Siomay nya lumayan enak dan es tuyulnya ini mirip es buah/ es shanghai yang sering dijual di pinggir jalan. Antriannya rame terus, dari order menu di kasir sampe menu dianter ke meja nunggu hampir 1 jam. So far oke lah...",669,
Muhammad Insan Farid,4.0,3 bulan lalu,2025-03-19T22:29:23Z,"Tempat nya strategis dan juga nyaman, hanya selalu ramai saja jadi tidak ramah bagi yang telinga nya sensitif atau tidak suka keramaian. Pelayanan nya normal walaupun terkadang masih melihat residu orang lain selepas makan.",223,
Puteri Siti Nur Aeni,5.0,sebulan lalu,2025-06-15T05:55:23Z,nyaman bangettt! Murah jg makanannya,36,
Arvin Rizky,4.0,3 tahun lalu,2021-07-27T06:49:14Z,"Restoran dengan menu utama mie, cocok untuk pencinta mie pedas. Rasa sangat memuaskan dengan harga yang terjangkau, tempat makan cukup luas dan sangat nyaman ada taman, fasilitas terdapat toiltet dan mushola. Pelayanan ramah cukup baik memang sedikit lama ketika pengunjung sedang ramai. Kekurangan tempat parkir sangat terbatas untuk mobil, untuk motor cukup luas, dan petugas parkir kurang ramah dan tidak peduli",414,
Hasanah sanusiyah harahap,4.0,setahun lalu,2024-01-22T06:51:32Z,"Ulasan saya mengenai Mie gacoan ini bener bener enak, terus harganya juga pas dikantong. Emang bener bener bikin kenyang sih harga oke makanannya juga oke, wajib nyoba deh buat kalian yang belum mencoba. Ada sedikit aroma bau kaki sih pas aku makan disitu, oke segitu aja ulasan dari saya kurang lebihnya biar yang lain menambahkan hehe",336,
Dapis sam,1.0,2 bulan lalu,2025-04-27T15:07:10Z,"pegawai kasir dll kerjanya bagus. tapi tukang parkirnya bikin kapok kesana lagi wkwk, kerjaan tukang parkirnya diem doang, giliran di kasi 2rb malah minta lagi karna kurang.",173,
Allredoo Ptr,5.0,2 minggu lalu,2025-07-01T12:54:55Z,"Suasana nyaman
Makanan enakkkk
Syukaaaa bnget tiap seminggu sekali pasti nongkrong dsna",87,
Frili Wibowo,5.0,setahun lalu,2024-01-07T22:34:51Z,"Overall oke semua si rasa makanan sama harganya, cuma strawberry di es genderuwo asam bangettttt, sama satu lagi satpamnya pas masuk gak ada, eh pas mau pulang datang, bangke emang",180,
Vitantri Masril,4.0,3 tahun lalu,2022-05-10T10:31:44Z,"pesan yg level 8, pedas tp masih bisa dinikmatin. rasa kurang sedikit asin. dimsum udang keju nya juara, super enak",115,
Awliya Rahadatul Aisy,5.0,sebulan lalu,2025-06-07T05:53:09Z,"Tempatnya banyak, jadi gausah bingung harus duduk dimana kalau makan ditempat. Pelayannya ramah sekali💕",103,
Rifa Rahmawati,5.0,2 minggu lalu,2025-06-30T11:35:57Z,Selalu jadi acuan buat makan bareng temen,41,
Intan Chairunnisa,4.0,2 bulan lalu,2025-04-24T09:24:39Z,"Makanannya enak, sesuai pesanan, servicenya juga oke sekarang makin improve, goodluck sukses selalu gacoan setbud!",114,
lokentdra noor koswara,5.0,3 minggu lalu,2025-06-23T05:56:57Z,"pegawainya ramah dan makanannya cepat dalam proses pembuatannya,, udah sering kesini samaa temen smp!!! bestt bangettt!!!",121,
Siti Rohimah,5.0,2 minggu lalu,2025-06-26T07:46:14Z,"Makanan enak, harganya sesuai dengan kantong mahasiswa. Pelayanan baik, suasana menyenangkan",92,
Iffana Yustavida,1.0,3 bulan lalu,2025-03-18T12:27:13Z,"Pelayanan tidak memuaskan. Saya sudah menunggu lebih dari 2 jam dari sebelum buka puasa, tetapi tidak ada dilayani dan saat ditegur katanya tidak sadar dan lupa. Saya harap manajemen dapat lebih memperhatikan karyawannya dengan baik, agar hal seperti ini tidak terjadi lagi.",274,
Nasywa Salma,5.0,8 bulan lalu,2024-10-17T10:21:16Z,Makanan nya lezat ditambah porsinya banyak dengan harga yang sangat terjangkau plusnya tempatnya juga nyaman dan bersih best dehh pokoknya….👍,141,
Azizatul Lailiah,5.0,Diedit 3 tahun lalu,2021-08-19T09:57:00Z,"LEVEL 6 NYA SANGAT MENANTANGG, SEMOGA NANTI BISA NYOBAIN LEVEL 8🥵🥵🥵🥵
Buat yang suka pedas, wajib coba level 6. pdesnya nampolll bangetttt, tempatnya juga nyaman bangetttt🥺🥺❤️❤️❤️❤️❤️
Semoga buka cabang di Cikampek, aamiinnn😂😂",225,
Safitri Prizia,5.0,seminggu lalu,2025-07-03T08:33:41Z,"tempatnya enak, ga terlalu antri",32,
Analognya Cipa,5.0,3 minggu lalu,2025-06-21T09:45:40Z,"Mienya enak banget bikin ketagihan, pedesnya juga nampol, dan udang kejunya bener2 se cheewy itu, tempatnya juga nyaman",119,
Rainshee 19,5.0,6 hari lalu,2025-07-10T12:06:54Z,"Mie-nya enak enakk, menunya banyaak. Sangat recommended guyss",61,
Muhammad Saiful Arifin,5.0,3 tahun lalu,2022-06-13T09:38:13Z,"Penasaran dengan mie gacoan, mie ini gak pernah ada kata sepi selalu ramai dan rela mengantri, saya kesini jam 10 pagi orang-orang sudah banyak yang mengantri baik online food atau orang biasa yang pesan, saya membahas review ini dari sisi manajemennya, manajemen mie gacoan disini sangat baik dan sangat cepat dalam memasak dapur nya bersih walaupun orderan sedang penuh, pelayanan dipisahkan pelanggan biasa dengan delivery food, nanti pelanggan akan dipanggil dengan nomor tertera di struk pembelian. Dari WC nya bersih juga dan di dalam sangat luas hanya sayang sekali tidak bisa dine in di jam 10.00-13.00 (mungkin untuk menghindarkan keramaian dan fokus dalam penyajian makanan). Dan juga parkir di mie gacoan ini hanya khusus motor untuk mobil bisa parkir di di pinggir jalan dekat tempat ini",799,
Leyli Putri,3.0,4 tahun lalu,2021-05-15T14:38:47Z,"Sumpaaaah ya sebenernya makanannya enak worth it lah dengan harga sgitu, terus tempatnya enak bikin pw terus agak luas. Cuman kenapa sih udah tau penuh tapi kasir cuman 1 kesel banget nunggu 2,5jam hahaha. Terus kalau tau yang dateng penuh kenapa pesenan online diaktifin gituuu. Terus spv nya jutek, dah tau temen lg nunggu eh gaboleh duduk :((((",347,
Izar,5.0,setahun lalu,2023-10-25T04:43:47Z,"First time nyobain me gacoan di bandung karena sepi,,entah di jkt itu sampai ngantri panjang, so far porsi mie nya pas, menurut saya dengan harga 10rbu oke lah, dapet mie dan pangsit,, overall yg suka pedes ini worth it",219,
Alnisa Islami,4.0,3 tahun lalu,2022-02-12T12:47:12Z,"Antriannya selalu penuh, suka kasian liat driver online yang harus nunggu pesanannya lama karna antrian driver online dan antrian orang yg dine in berada di satu barisan. Kalau pesan online pun selalu lama penyajiannya. Tapi rasa mie nya oke dan harganya murah banget dengan pangsit yang segede gitu. Dimsumnya juga enak terutama tang udang keju",345,
Ramdan Makbul,1.0,3 bulan lalu,2025-03-26T13:12:06Z,"Makin k sini malah makin buruk pelayanan ny,buat yang d kitchen klw sekira ny cape istrhat dlu,jangan bentak"" Ama nunjuk"" anak orang smbil mukul meja pula,kita d situ beli bukan minta,d bill tertulis take away malah d kasih buat yng Dine in,wajar lah klw anak saya bilang sy bilang slah psenan nya,,ini malah maen tunjuk tunjuk seenak jidat ny,jadi bikin kapok klw pelayanan nya kaya gitu,tolong d kasih arahan buat semua karyawan d situ,klw sekira nya salah minta maaf bukan marah2...",485,
ammar bagas,1.0,Diedit 3 bulan lalu,2025-02-23T08:25:12Z,"Percuma memakai calling sistem untuk menggambil makanan, tetapi pesanan orang yang baru datang lebih dulu di sajikan dibandingkan dengan orang yang memesan lebih dulu. Tolong dong buat manager atau HRD nya kalau proses rekrutmen itu cari yang bener bener mau kerja, bukan yang semena mena gini. Payah ni management nya",318,
Maudilliya Septianti,5.0,sebulan lalu,2025-06-15T11:19:31Z,"makanannya okee bangett, gapernah dingin, pelayanannya sangat ramahhhh, pokoknya kalo pulang kampus selalu ke sini",114,
Zulfaqar Syah R,5.0,sebulan lalu,2025-06-10T14:09:05Z,"Enak banget euy masakan nya euy apalagi yang buatnya binyoh, pesen pak kades cmn satu semangat",94,
Adisty Putri,5.0,2 tahun lalu,2022-09-25T11:49:03Z,"Makanannya murah meriah disini, tempatnya enak banget, ngantrinya juga panjang, yang outdoornya juga enak dan nyaman, banyak banget yang kesini, tempat makan yang selalu penuh terutama sama gofood,shopefood, sama grabfood. Tempat parkirnya juga luas.",250,
Shalni 04,5.0,Diedit 3 tahun lalu,2021-10-03T14:36:53Z,"It was a longggggg queue, sis.
harus dengan amat sabarrrr nunggu buat dine in 2jam kurang lebih. Better take away, makan di mana terserah. RAME sekali tempat ini
Pelayanan oke
Staffnya banyak
Mushola tidak terlalu oke, lebih baik klo keburu waktu ibadah, ibadah di masjid univ samping.
Antrian yg kurang tertata baik
Toilet oke
Ada toilet cust, ada toilet staff. 👍👍👍
Dari segi makanan :
Secara ga terduga ini enak banget ya.😍
Mie nya lurus, ga tebel, asin pas, gurih oke
Ada kerupuk pangsit renyah
Ada side dish dimsum, pangsit rambutan jg enak isinya udang, semua enak.
Kalo mau takeaway jg staffnya gercep
Warning akan level level nya. Yg tidak kuat pedes better level setan 1-3 saja.
Sediakan minum hangat
Gacoan ini tempat yg pas buat kongkow sama temen dan keluarga. Ambiancenya bagus dan nyaman
Notes. Datang lebih awal. Bawa perlengkapan makan sendiri. Tetap taat prokes ya meski ramai 👍✨",895,
Selly Riani,5.0,3 tahun lalu,2022-02-14T16:16:17Z,"Makan bareng keluarga,tdnya mau take away. Tp akhirmya Dine in meskipun harus tunggu 1 jam untuk dapat no antrian.  Pelayanannya ok, ramah. Harganya murah dan mengenyangkan.  Masing2 dari kita order makanan dan minuman berbeda. Rasa mie nya bikin nagih. Dengan 5 porsi mie, dimsum,7 macam minuman,dan Snack nya kurleb sekitar 152 (incl take away juga).
Toilet nya bersih, yg perlu diperhatikan adalah musholla nya sempit.Apalagi waktu itu kita sholat berjamaah,jarak antara Ikhwan dan akhwat Deket banget.
Tp mie gacoan recommended kok, dengan harga murah tapi enak dan mengenyangkan 👍👍",586,
Kun Rutbah Sadid,5.0,4 tahun lalu,2021-05-07T15:15:30Z,"Enakkkk bgt !!!
Aseli ga boong...
Dimsum2 annya jga enakkk 👍
Harga pas di kantong,
Tempat luas & cozzy
Mantap 👍👍

Baru keturutan hari ini , coz selalu rame n wl hahahha 😂",170,
SAFIRA APRIANI,5.0,3 bulan lalu,2025-03-24T06:27:58Z,"Alhamdulillah, meski rame aa dan tetehnya tetep ramah dan gercep melayani. Kalau rasa mah gausah diragukan lagi lah yaaa, apalagi ujang kedunya beuhh ajibbb pokonamah",166,
Daffa Irfan,1.0,4 tahun lalu,2021-04-11T13:14:30Z,"Rame gara2 hype kayanya, enak pangsitnya doang, mie aga hambar & pelayanan kurang banget, makanan keluar semua & udah mau habis tapi minuman masih ngga jelas dimana. Meja yg baru datang malah dapat minum dulu (banyak meja lain yg nasibnya sama kaya saya). Kasir cuma 1 padahal antrian ada 2. Harga emang murah sih tapi apakah itu = pelayanan murahan juga?",355,
Sayyida Nafisa,4.0,4 tahun lalu,2021-03-16T04:21:21Z,"Untuk rasanya enak bangett, pesennya juga cepet sampe ke meja, ngantrinya maasyaa allah sekali beberapa jam. Dan sekarang udah dipisah untuk pemesanan via aplikasi dan yang dine in. Cuman sangat disanyangkan musholanya kecil banget dan tempat wudhunya terpisah dan sangat terbuka, tdk ada sekat dengan tempat makan, semoga ke depannya lebih baik.",346,
Nurmah,5.0,sebulan lalu,2025-06-07T03:41:12Z,"Tempat nya, enak banget pw terus harga menu nya sangat terjangkau. Pelayanan nya ramah",86,
Lili Triana,5.0,2 tahun lalu,2022-10-06T08:06:29Z,"Yah biasanya pesan online.. baru pertama kali pesan langsung. Tidak ada masalah dengan makanannya, baik rasa maupun porsinya, begitu pula dengan harganya yang lumayan ramah di kantong. Dan mungkin karena pas datang itu pagi, sekitar jam 10an jadi belum terlalu ramai, sehingga nyaman-nyaman saja. Tapi kalau dipikir-pikir kenapa kasirnya hanya ada 2 antrian, itupun yang satu khusus ojol, yg satu non ojol.. pantas lah ngantrinya lama..",436,
Tania Armeissa,5.0,setahun lalu,2023-11-24T04:40:44Z,"Mie gacoan nya agak beda rasa nya sama di cabang2 lain ya. Level 3 nya yg gacoan udah kaya level 5 pedes bgt wkwkw gada manis2 nya jugaa. Udang rambutan nya kurang enak, si kriwil2 nya beda deh bahan nya sama di cabang lain jd rasanya beda gitu kaya aci bukan kaya pangsit yg di iris panjang2.",293,
Gita Sani Azizah LM,5.0,setahun lalu,2024-02-26T03:38:57Z,"Pelayanan gesit dan ramah, makanannya enak, suka banget karena cocok buat jadi tempat istirahat abis ngampus, sugoiiii",118,
Puteri Carona,5.0,4 tahun lalu,2021-04-30T09:47:30Z,"Tempatnya luas, sirkulasi udara bagus, bersih dan pelayanan cepat cuma antriannya panjang.
Untuk parkir mobil agak susah.
Mienya pedes untuk level 1 udah cukup pedes.
Siomay yang ada di mienya enak dan dimsumnya juga enak yang pasti harganya murah tapi tetep enak.",264,
Melli Yuliana,5.0,4 tahun lalu,2021-04-13T07:47:30Z,"Hunting mie sampe ke ujung Bandung 🤭
Kali ini tersesat di Mie Gacoan @mie.gacoan .
Mienya enak, teksturnya kenyal dan harganya juga bersahabat gaesss... seporsinya cuma 9500an. Tempat makannya luas termasuk parkirannya.

on frame :
mie angel .. Rp. 9.545,-
lumpia udang ... Rp. 8.639,-/3 biji
pangsit goreng ... Rp. 9.549,-/5 biji
siomay ayam ... Rp. 8.639,-/3 biji
lemon tea ... Rp. 5.919,-
(blom PPN 10%)

Selama bulan puasa buka jam 11 siang.",445,
Tedhi DPW,4.0,4 tahun lalu,2021-05-09T07:53:41Z,"Pas dateng masih belum rame, pesan mie angel, siomay dan minumannya, belum pesan yg mie setan. Pelayanannya oke, murah dan tempatnya lumayan luas. Sayangnya nggak ada tisu dan saus buat menambah rasa.",200,
Ivan Pamuji,5.0,Diedit 3 tahun lalu,2021-09-28T04:36:58Z,"Rasa lumayan enak, dan yang bikin antriannya selalu penuh itu yaaa karena harganya MURAH BANGET!!

Beli 6 menu makanan + dua minuman cuman abis 60ribuan dan udah kenyang banget 😆

Harap bersabar dan memaklumi kalau pesan di jam-jam padat sepertu makan siang. Karena yang pesan sangat banyak.

Pelayanannya bagus, tempat juga nyaman dan luas. Saya paling suka sama Mie Setan dan Pangsitnya 🤩",390,
galaxy multimedia madura,5.0,2 minggu lalu,2025-07-02T06:13:37Z,Puas banget pelayanan nya dn makanan nya apa pagi tempat nya bagus bangett,74,
Rikhlatus Sa'adah,5.0,3 minggu lalu,2025-06-21T09:51:43Z,"Tempatnya enak, nyaman, bersih, menu-menunya juga murmerr bgt, seru buat tempat nongki",86,
Devica Sanmia,5.0,3 minggu lalu,2025-06-21T10:52:36Z,Enak banget tempatnya syahduu,29,
Yogie Guntur Oktavia Putra,5.0,3 tahun lalu,2022-07-02T15:54:56Z,"Diajak sama temen disini karena dia bm. Sebenernya gamau makan disini karena tau lah ngantrinya kaya gimana. Dan bener aja saya antri kurang lebih 50 menit di stopwatch. Untuk harganya menurut saya sangat murah sekali, seporsi mie 10k udah dapet mie dan pangsit, harga minumannya juga murah dan enak. Bener bener enak karena biasanya harga murah makanannya gak enak, tapi ini makanan dan minumannya enak",403,
Adinda Falasifa,4.0,setahun lalu,2024-01-30T12:41:10Z,"Selalu makan mie gacoan disini. Mie hompimpa, es gobak sodor, udang keju jadi menu favori. Tempatnya luas dan selalu ramai, tapi pelayanannya cepat",147,
Aes Bby,5.0,3 tahun lalu,2022-05-18T01:58:00Z,"5 bintang untuk pelayanan, cita rasa makanan dan kebersihan tempat. Gacoan dari dulu emang the best apalagi buka cabang di Bandung jadi makin sering ke Bandung cuma buat beli gacoan. Harga sangattt terjangkau. Mie enak bangettt udah 4x ke gacoan. Semoga nanti bisa buka cabang di Subang yaaaa",292,
Sarmilah,5.0,2 minggu lalu,2025-06-28T05:24:20Z,"Makanan nya enak,layanan nya baik dan ramah,Susana nya bagus dan adem",69,
Dea Zahra,3.0,4 tahun lalu,2021-06-17T03:50:44Z,"pengen bgt kesini karena lg booming hihi, pd akhirnya aku memutuskan untuk beli disana dan makan disana. dateng ber4 udah ngantri panjng ktnya gadapet no meja pdhal di situ ada no meja banyak aneh gasi....
ditunggu ktnya akhirnya dikasih no antrian lumayan nunggu 1 jam nanya deh akhirnya itu antrian apa pas dijawab mas nya itu antrian take away. hmmm
perasaan kita bilang ber4 makan disana, kita mau nunggu biar dapet meja...
tbtb yang baru dateng duduk di tempat take away dikasih no meja sedangkan kita nggakk..
akhirnya nanya lg deh sempet dijelasin kita makan disini dan bla bla
tbtb dikasih no meja dan mas nya ngmg kalau ada meja yang kosong buat ber4 di coba tempatin aja
lah klo gt knp ga drtd😭
aku sempet bingung sama proses antriannya, ya mungkin waktu kesana grgr baru dibuka lg kli ya.
atau mungkin pd saat aku kesana aja jd seperti itu mas nya lg bt mungkin aku coba positif thinking✨
btw makannya enak banget, harga murah pas deh buat kantong mahasiswa😊",969,
haikal ramli,5.0,4 tahun lalu,2021-05-23T13:56:26Z,"Hindari kesini saat weekend karena antrinya bisa sejam lebih. Overall semua menunya enak, mie gurih dan side dishnya juga enak. Harga terjangkau. Rasanya ga jauh beda dengan gacoan di jogja atau malang.",202,
Mahardhika Augusta,5.0,2 minggu lalu,2025-07-02T10:41:43Z,"Yuk upgrade musolanya, kecil banget gilak kek mangkok siomay itu musola wkwk",76,
Ridhwanul Hakim,5.0,2 minggu lalu,2025-07-01T12:18:32Z,Tempatnya nyaman banget enak habis ngampus langsung makan disini,64,
Suka Pergi,4.0,3 tahun lalu,2022-06-26T23:57:51Z,"Kalau kesini milih makan karena murah dan bikin kenyang, ya paling buat cara antrinya aja yang harus dirubah karena makan waktu. Disisi lain tempat nya enak.",157,
reyhan baehaqi,5.0,7 bulan lalu,2024-11-26T09:30:13Z,Makanan nya enak2 dan harga terjangkau murah cocok untuk mahasiswa,66,
Maulina Dwi Yuniasih,5.0,3 bulan lalu,2025-04-09T16:09:00Z,Pelayanannya cepat karena tidak seramai dulu,44,
Sri Rizki Wahyuni,5.0,seminggu lalu,2025-07-03T08:55:45Z,"good job mie gacoan, tempat makan murah deket kampus yg oke buat nongkrong👍",75,
Yola Widya,4.0,3 tahun lalu,2021-10-01T06:22:14Z,"Mienya enak banget deh. Ada level pedas juga buat yg suka pedes. Topping pangsit isinya oke bangeet. Udah gitu tempatnya juga asyik buat dipake foto2. Pokonya harus ke sini bawa temen atau keluarga, tapi kalau sendiri juga asyik ko hehe.

Harus sabar antre yaaa.. but it worth sama rasa mie dan harganya yang murah2",315,
Rafied Ridwan,4.0,3 tahun lalu,2022-04-03T22:55:57Z,"Tempat : Cukup nyaman, hanya saja ketika masuk terlalu banyak yang antri, dan terjaga kebersihannya.
Makanan : Dengan harga yang sangat terjangkau untuk masyarakat, dari setiap menu yang ditawarkan sangat enak dan betul betul worth it. wajib cobaaaa
Harga : sangattttt terjangkau

Pesan sedikit bagi yang mau kesini harus sabar antri yaaa..",340,
ekoteguh wahyudi,5.0,3 tahun lalu,2021-09-24T16:31:50Z,"Harus Sabar dengan Antriannya yang lumayan panjang setiap harinya. Parkir motor padat ,untuk parkir mobil lumayan susah karena lahan parkir yg terbatas. Harga terjangkau termasuk kategori murah dgn menu mie yg enak.",215,
Hade Nadia Husnia,5.0,11 bulan lalu,2024-07-23T09:21:20Z,"tempatnya bersih, nyaman, dan pelayanannya enakeunn, makanannya jg enakkk 😋🙌",76,
Mayang Mutia Utami,5.0,Diedit setahun lalu,2022-01-15T10:41:12Z,"tempatnya luas, antrinya skrg udah ga terlalu lama kaya dulu. paling suka mie pedas gurih (namanya apa ya lupa) yg lv 2, dimsum udang keju, sama es buah yang pake susu. worth for the price👍",189,
Euis Fauziah,4.0,8 bulan lalu,2024-11-05T12:14:09Z,"Rekomendasi untuk anak sekolah dan anak kuliahan, harganya yang terjangkau dan tempatnya yang strategis.",104,
Shella Puspita,5.0,2 tahun lalu,2022-10-31T10:47:46Z,"Seperti biasa selalu ramai, tapi ga nunggu terlalu ramai. Makanan nya murah murah dan enak, apalagi udang keju nya. Waktu itu gabisa duduk di atas,",147,
Dyra Raihan,4.0,3 tahun lalu,2022-06-19T23:10:43Z,"Untuk makanannya pedas banget, saya sarankan buat yang tidak bisa pedas level 0 dan 1 cukup.

Untuk tempatnya oke hanya saja antrian-nya panjang buangett lagi weekend.",167,
Devy Eka pradiptie,5.0,4 tahun lalu,2021-05-17T00:55:50Z,"Ramenya luar biasaaaaa ...antrian bs 40 meter..ngantrinya aja sejam lebih, blum antri makanan datang..bnyak yg datang Krn trnyata harganya itu cuma 10rb an aja! Kirain teh harga premium ..harga kaki lima rasa bintang lima..rasa mienya Kya mie2 di restoran mahal, pngsitnya beda ga ky yg lain ..
Masalahnya Krn saking ramenya, jadi ga bs dapet tempat duduk buat mkn d tmpat .jadilah take away aja ..",398,
Daniswara Mahadi,5.0,sebulan lalu,2025-06-11T13:11:44Z,Tempatnya cozy dan harganya benar benar affordable. Semua pesanan tersedia. All good. Terima kasih!,99,
Hey Mey’s Journey,4.0,4 tahun lalu,2021-04-16T17:12:39Z,"Mienya mirip mi yamin versi kekinian.
Ada angle (ori), setan (mie yamin asin), iblis (mie yamin manis)
Harganya murmer untuk mie seporsi 10.5 udah masuk pajak
Pilihan lain ada dimsum

Tempat luas banget tapi hati2 datang pas hari weekend siang bakal antri panjang banget, kemarin aku antri lebih dari 1 jam.",307,
Nana Diana,3.0,5 bulan lalu,2025-01-26T02:36:09Z,"Saya pernah dapat kasirnya gak kasih kembalian yg sesuai. Memang hanya 500 rupiah, tetapi dia sama sekali tidak konfirmasi. Saya juga tidak ingin protes on the spot. Tapi mohon dibina kembali staf yang bekerja tidak sesuai SOP.",227,
Mario Ivan Nanlohy,2.0,4 tahun lalu,2021-05-11T15:55:21Z,"Pelayanan di Kasir sangat tidak memuaskan.
Antrian membeludak namun mesin kasir hanya 1.
Mohon diperbaiki lagi.
Dengan space resto sebesar itu,
Customer kehabisan waktu hanya untuk mengantri bayar sebelum makan.
Sungguh menyedihkan.",232,
Masriyanti -,5.0,3 tahun lalu,2021-11-01T14:54:00Z,"Luar biasaaaa,,, ngantri nyaa panjang banget, waiting listnyaa parah, setiap hari selalu ramee....
Kemaren kesini pas lagi ujan, jadi tempatnya terjangkau,, jadi cuma bisa take away, gabisa makan di tempat",205,
Milla Oktavia,3.0,5 bulan lalu,2025-02-08T09:16:03Z,"Tempat nya lumayan bagus nyaman, kebersihan juga oke soal rasa jngn di ragukan lgii IS THE BEST BGTTT POKONYA👍😋",111,
Isma hapiyana,4.0,3 bulan lalu,2025-04-02T07:03:10Z,"Maaf mie gacoan, saya sedikit kecewa untuk skrg padahal sudah berlangganan tapi kenapa ya kasirnya kurang enakeun judes kalo boleh saran lebih baik lagi pelayanan nya ya , sukse selalu mie gacoan setiabudi",205,
anisa nurhasanah,5.0,3 tahun lalu,2022-03-12T06:39:48Z,"Rasanya enaakkkk harganya murahhhh meriaahhhh
Kalo mau makan ditempat harus sabar antrinya 😁 kisaran 1-2 jam untuk bisa dapat tempat duduk
Kalo rumahnya Deket sih mending delivery via ojek online lebih enak sihh",211,
Naufal Maulvi Reisyahri,3.0,setahun lalu,2023-11-18T12:18:12Z,Rasa mienya ngga segurih dulu dan mienya ngga panas jadi ada rasa kecewa + tissue habis (ini restoran makan loh ko bisa tissue kehabisan stok),142,
Tatiek Heny Soepriyatni9,5.0,4 tahun lalu,2021-05-23T02:13:51Z,"Mienya enak, semua menunya enak antara foto, tampilan langsung dan rasa sangat sesuai begitupun harganya pas untuk kantong para mahasiswa terlebih di dukung dengan tempat yang mengasyikan.
Harga PKL, rasa Restaurant, tempat Bintang Lima.
👍👍👍👍",242,
Allisah Risma Putri,2.0,3 bulan lalu,2025-04-08T05:46:01Z,"lama banget pelayanannya, sampe komplain yg ke 2x baru di siapkan pesanannya. mi nya udah dingin, es udah mencair",113,
Yanti Suhendar,4.0,6 bulan lalu,2025-01-11T12:49:24Z,"Untuk saat masuk area antri pemesanannya sudah baik, untuk proses pemesananya juga baik. Untuk makanannya enak sama seperti di store lainnya. Pelayanannya cukup oke",164,
kahar yaya,4.0,Diedit 2 tahun lalu,2021-03-14T06:22:22Z,"Mienya enak dan udang rambutan serta es genderuwo, pedesnya pas (level 8 josss) 😂 sayang dinsum ayamnya disajikan dingin 😵‍💫",124,
Riani Pratiwi,5.0,2 minggu lalu,2025-06-26T08:25:54Z,"ihh enak banget suka tempat nya juga nyamann
AYLOP MIE GACOAN STIABUDI🫰🏻🫰🏻",74,
Mada Nuriana,5.0,4 tahun lalu,2021-04-10T06:02:25Z,"Harus sabar mengantri untuk bisa makan di tempat ini.
Dengan harga yang terbilang murah meriah, jangan ragu untuk membeli banyak, semua dicoba sbg ganti ngantri haha
Over all tempatnya nyaman.
Tapi mushola kecil dan tempat wudhu nya juga terbuka.
Smg bisa diperbaiki lagi oleh manejmennya.
Musikyg diputer kegedean juga volumenya 😁",331,
Agung Setiawan,5.0,2 minggu lalu,2025-06-27T10:16:24Z,"Hahahaha Mau aja kasi bintang 5.
Rekomendasi, kalo ke bandung gak ke gacoan. Gak Well",85,
Ramdhan Mardiansah,5.0,3 tahun lalu,2022-07-11T13:56:50Z,"Belum pernah dine in di sini selalu penuh jadi suka take way, untuk tempat seperti biasa gacoan pada umumnya dengan kursi kayu di depan dan area outdoor dengan kursi batu untuk makanan gk tau kenapa yang di outlet ini bener bener enak banget rasa nya selalu beda sama outlet yang lain kepedasan pun untuk di sini tidak tanggung dan tidak pelit sama sekali pokoknya untuk outlet terthebest di Bandung hanya di gacoan Sukajadi",424,
Yadi Haryadi,5.0,3 tahun lalu,2022-03-22T07:01:53Z,makanannya enak .. dimsum  dan mie nya juara  munumannya juga segar .. harga sangat terjangkauu ..... bersih memperhatikan.....protokol kesehatan,145,
andykus,5.0,3 tahun lalu,2022-07-16T07:22:45Z,"Ngasih bintang lima rasanya sebanding ya untuk kualitas rasa mie gacoan..varian rasanya juga enak semua..minuman enak semua begitu pula dimsum-nya, mantap...untuk tempat luas banget..sampai ada space khusus buat ojek online..TAPI...sayangnya untuk parkir gak ramah bagi pengendara roda empat..jadi parkir di pinggir jalan..",323,
Lily Octaviani,5.0,setahun lalu,2023-09-24T10:40:58Z,"Sangat menarik ya, dengan harga yang terjangkau bisa kita dapatkan sajian yang mewah yaa.. sehingga dapat dinikmati oleh banyak kalangan, tempatnya selalu ramai karena letaknya strategis dekat dengan beberapa universitas dan sekolah. Pokoknya oke deh👍👍👍",253,
Fajri Rian,3.0,3 tahun lalu,2022-06-18T11:54:21Z,"Rasa enak tapi pelayanan kurang. Beda perlakuan ke pembeli, ada yg boleh makan di tempat, ada yang tidak.",105,
Sabrina Aisha,5.0,2 minggu lalu,2025-07-01T09:26:23Z,"makanan enak dan terjangkau, pelayanan baik dan sangat ramah",60,
Nafisah Auliyaa,5.0,seminggu lalu,2025-07-03T08:37:17Z,"makanan dan minumannya enak, porsinya pas, dan tempatnya cocok",62,
Najiah Hajimah,5.0,6 hari lalu,2025-07-10T10:00:07Z,"tempat nya bersih, makanan nya enakkkk , suasanya adem ngt",58,
Agus Rahmatulloh,5.0,3 tahun lalu,2021-08-23T12:49:15Z,"Kalo kuliah offline, pasti ini tempat bakal jadi base camp baru. Tempatnya besar sekali dan berada dipinggir jalam utama jadi keliatan bgt gaakan nyasar. Harganya murah pake bgt kisaram 10K kalian udh bisa makan mie. Soal rasa mah gausah ditanya wkwk enak woy",259,
Winda Nuraeniah,5.0,4 tahun lalu,2021-06-22T12:29:51Z,"Bener benerr se Wortit ituu
Emang selalu penuhhh jugaa
Buat kalian yang mau ke mie Gacoan di jam jam santai dan di hari weekday supaya dapet slot buat makan di tempat",166,
deeva khaka time,5.0,2 tahun lalu,2023-07-04T10:27:50Z,Udah pasti pada tau gacoanlah ya.... Tempatnya selalu luas dan ada area outdoor. Selalu suka sih kesini.,104,
Nurul Masitha,5.0,3 tahun lalu,2022-07-12T01:32:53Z,"Buat dine in bru bisa jam 12 siang, jd pas ksna jam 10 cuman bisa take out, dan antrian ojek online rame banget, tp antrian ojol dipisah kok sama yg mau takeout,  jd emg harus extra sabar, tp mie nya emang enak sama gorengannya yg udang keju dan udang rambutan",260,
Nira R,4.0,2 tahun lalu,2023-06-03T15:15:00Z,"semua menu di sini murah bgt. tadi dateng pas jam makan siang ga ngantri sama sekali, malah banyak tempat kosong. untuk rasa oke lah sebanding dgn harga. mie gacoan level 1 aja udah pedes bgt. kalau ga kuat mending pesen mie suit aja",233,
navela rahma,5.0,4 tahun lalu,2021-04-02T20:31:23Z,"Menunya recommended banget. Harganya terjangkau lagi. Karena itulah tempat ini selalu rame, weekdays ataupun weekend. Jadi, kalau kalian mau kesitu, dine in, siapin waktunya sekitar 1-2 jam buat antri yaa. Karena asli rame bangett.",231,
Yuni Anggraeni,5.0,3 tahun lalu,2021-10-24T15:17:12Z,"Suka makanannya murah murah dan enak . Tapi ngantrinya beuhhh lama beberapa kali kesana gadapet tempat terus,tapi kali ini  berkat kesabaran  alhamdulillah dapet.",162,
rama adhan14,1.0,5 bulan lalu,2025-02-16T07:22:17Z,"Dih, parkir apaan coba motor 3k, di indomaret aja 1k di Terima, ini di kasih 2k malah minta nambah, dah lah dr pd cape cape drng kesitu bayar parkir 3k mending ke WizzMie aja harga sama, parkir jg di parkirin kalo keluar ya di keluarin motornya, lah ini udh parkir sendiri keluar in sendiri parkir 3k, bukan masalah uangnya sih kayak kurang gimana gitu kalo kek gitu teh.",371,
Son Hyejoo,5.0,8 bulan lalu,2024-10-21T12:30:03Z,"Alhamdulillah puas bngt makan disini, terimakasih pelayanan nya jg baik dan bagus. Lanjutkan ya",95,
Rahmadhani Ayuning,5.0,2 minggu lalu,2025-07-01T05:09:42Z,"pelayanan nya baik, saya tidak menunggu lama untuk pesanan nya🤩",63,
Jessica C,4.0,3 tahun lalu,2022-05-22T09:17:04Z,"1. Mie Setan Lv. 1
Mie di sini seporsi cuma seharga 10.9K aja. Menurutku lv 1 mie setan mereka aja udah cukup pedas loh karena emang cabainya pakai cabai merah yang diulek gitu, jadi pas datang aja aroma pedasnya aja udah tercium. Pas makan sebenarnya gak terlalu pedas tapi setelah suapan terakhir pedasnya itu menjalar ke tenggorokan, jadi saranku prepare minuman yang cukup banyak setelah suapan terakhir. Tekstur mienya aku cukup suka sih, yang tipis' dan lembek gitu, rasanya juga lumayan enak asin gurih dengan serbuk daging ayam dan pangsit goreng sebagai topingnya.",573,
Fitria Maghfiroh,5.0,2 tahun lalu,2023-06-01T16:24:25Z,"Harga makanan dan minumannya sangat affordable, tempatnya luas, bagi yang suka pedas dan suka mie, Mie Gacoan tempat yg harus dikunjungi.",137,
Ali Suminoredjo,5.0,2 tahun lalu,2023-03-26T13:55:19Z,Tiap kerja mampir kesini tuh kek jadi hal yg di sukai alwys rame sih😭😭SELAIN KUALITAS baguss PANGSIT NYA PALING ENAK PALING GEDE GEDE DARI SEMUA GACOAN 😭😭THXYOU YAK GA BIKIN BOSEN DATENG KESINI,193,
Naysila Rahmawati,3.0,6 bulan lalu,2024-12-19T13:14:38Z,"tolonh buat tukang parkir diluarnya itu ganggu bgt.
udah mah awalnya ga nolongin pdhl posisi aku mau ngeluarin motor tuh susah bgt giliran udh hampir mau nabrak motor org baru tuh bantuin ngeluarin motornya, itupun nolongin yaa ketus bgt tu mukanya.

TOLONG YAA PIHAK GACOAN! service sm makanan digacoannya enak bagus ramah tp ITU TUKANG PARKIRNYA GA GUNA BANGET LAH :(, yg tadinya seneng abis makan gacoan jd badmood perkara si tukang parkirnya",445,
Silviharyani Mendrofa,5.0,2 minggu lalu,2025-06-28T06:18:03Z,"Makanan enak, harga terjangkau, pelayanan baik",46,
Hani Hendriana,5.0,3 bulan lalu,2025-03-26T12:55:27Z,"Tempat nya enak, makanan enak, harga ramah di kantong. Pelayanan nya mantap ramah ramah, tolong pertahanin yakkkk!!🥰",116,
Mochamad Marcell,3.0,4 tahun lalu,2021-04-12T17:29:49Z,"Sangat disayangkan tempat makan ini hanya menyediakan satu kasir saja dan karena itulah antrian menjadi sangat panjang bahkan bisa memakan waktu sampai kurang lebih 1 jam. Seharusnya tempat makan ini menyediakan komputer order/kasir lebih dari satu untuk mengurangi antrian panjang dan kerumunan (saya lihat tidak ada protokol kesehatan Covid-19 dengan berjarak fisik 1 meter di area antrian tersebut), padahal sejak awal tempat makan ini dibuka antriannya selalu penuh dan panjang bagi mereka yang ingin memesan dine in, take away, ataupun orderan online dari ojol, seharusnya pemilik sadar akan hal itu. Semoga kedepannya bisa lebih baik lagi terkait pelayanan tersebut. Selebihnya makanannya cukup enak!",706,
Sonia Priskilia,5.0,3 tahun lalu,2022-05-04T15:34:56Z,"rasa makanannya mantap banget hanget dan enak, isian dimsumnya padat dan berasa, mie nya juga enak dan harganya murah terjangkau untuk tempatnya luas cuma parkiran aja susah",173,
Geraldhika Revaldo Arya Rinding,4.0,2 tahun lalu,2022-08-11T07:31:59Z,"Harga :  5/5
Porsi   : 4/5

Makanan yang cocok kalo kantong lagi kering. Dengan 12k aja udah bisa makan mie enak dengan toping pangsit yg melimpah. Namun, untuk take away packaging kurang aman. Mungkin lama ngantri ya, jadi kotaknya agak rembes. Jangan lupa cobain dimsumnya yang juara banget.",293,
Kristina Nopalita Nainggolan,5.0,2 tahun lalu,2022-12-15T13:49:13Z,"Dibanding cabang lain, yg ini ga terlalu rame ga perlu waiting list utk makan di tempat. Setelah pembayaran makanannya juga cepat datang dan mienya tidak lembek.",161,
QB Channel,5.0,3 tahun lalu,2021-09-12T05:31:06Z,"Dari minggu kmarin2 kesini slalu ga dpt tempat krna antrian dan parkiran full. Hari ini pas kesana dapat juga ""jatah"" nyobain nya.. dan ini asli emang enak, murah, mantap, merakyat, pokoke TERJANGKAU lah guys dan worth it nampolllll laaaah .... lu musti coba 🤭💪💪💪💪",264,
Lusi ana,5.0,3 minggu lalu,2025-06-22T11:25:36Z,makanan nya enak dan memuaskan pokoknya gacoan Setiabudhi Ter the bestt well,76,
Elysa Nur Cahyani,5.0,4 tahun lalu,2021-04-11T04:46:41Z,"BENERAN WORTH IT BANGET. harganya murah, tempatnya murah tapi antri banget hei mungkin krn masih baru ya. Lokasinya juga ada indoor & outdoor. parkiran motornyanjuga luas banget. Pelayanannya agak lama krn ngantri banget",220,
Bakhtiarani Naila,5.0,2 minggu lalu,2025-06-27T10:16:46Z,"Pelayanan ramah, cepet, efiisen.",32,
Anita Yuliani,5.0,4 tahun lalu,2021-05-14T07:14:05Z,Murah gilaaa... Harga kaki lima tempat  menengah.. Rasa nya enak,64,
Yoriza Indrie,4.0,4 tahun lalu,2021-05-17T08:36:35Z,"Lokasi sebelah dari UNPAS setiabudi bandung, tempat luas, kalo ke sini harus siap siap antri panjang, makanan enak, harga terjangkau, semoga buka cabang di daerah lain ya",170,
Almilatul Hasanah,5.0,2 tahun lalu,2023-02-28T08:50:59Z,"Makanannya enak, tempatnya nyaman. Pelayananan juga baik dan rapih jadi pengunjung pun nyaman",93,
